# (c) Der Bundeswahlleiter, Wiesbaden 2016
# 
# Wahl der Abgeordneten zum 5. Europäischen Parlament aus der Bundesrepublik Deutschland (13. Juni 1999)
# Endgültige Ergebnisse nach kreisfreien Städten und Landkreisen
# 
Kreis-Nr.;Text;Wahlberechtigte;Wähler;Ungültige;Gültige;SPD;CDU;GRÜNE;CSU;PDS;F.D.P.;REP;GRAUE;ödp;APD;PASS;BP;PBC;NATURGESETZ;NPD;CM;BüSo;FAMILIE;ASP;ZENTRUM;DIE FRAUEN;HP;Tierschutz
01 0 01; Flensburg, Stadt;65416;26113;531;25582;11068;10720;1689;0;426;585;169;153;43;88;71;0;92;64;62;28;2;0;26;5;96;13;182
01 0 02; Kiel, Landeshauptstadt;179712;63185;520;62665;23961;25577;6541;0;1813;2343;433;301;119;183;159;0;126;89;184;57;12;0;43;13;279;41;391
01 0 03; Lübeck, Hansestadt;165984;53132;421;52711;20113;23906;3843;0;1169;1523;416;257;130;172;100;0;126;113;245;51;7;0;58;8;180;18;276
01 0 04; Neumünster, Stadt;62337;19022;196;18826;7803;8717;812;0;304;519;138;63;20;51;33;0;76;12;59;29;6;0;29;6;39;3;107
01 0 51; Dithmarschen;106648;40339;476;39863;13490;22320;1405;0;358;1087;206;130;50;129;63;0;43;43;105;24;11;0;47;10;108;13;221
01 0 53; Herzogtum Lauenburg;136408;56058;536;55522;19026;28548;3226;0;782;1847;539;240;61;218;79;0;71;48;262;61;23;0;39;13;108;12;319
01 0 54; Nordfriesland;125480;44362;263;44099;14512;24429;2211;0;459;1265;143;156;49;96;53;0;82;48;145;27;14;0;31;3;116;13;247
01 0 55; Ostholstein;157365;61444;644;60800;21527;32392;2657;0;527;1709;372;246;62;202;79;0;146;74;188;47;10;0;71;16;120;17;338
01 0 56; Pinneberg;219139;90957;877;90080;31390;44650;6195;0;1276;3243;595;490;91;315;130;0;325;121;260;62;31;0;110;23;214;28;531
01 0 57; Plön;99492;43204;471;42733;15225;21586;2592;0;591;1268;299;189;68;145;52;0;75;45;106;29;15;0;52;6;123;10;257
01 0 58; Rendsburg-Eckernförde;207603;81776;778;80998;27472;42623;4617;0;997;2651;435;343;95;254;117;0;155;117;245;70;13;0;77;11;220;23;463
01 0 59; Schleswig-Flensburg;148973;59382;496;58886;20550;31775;2785;0;571;1405;290;213;74;158;89;0;109;108;108;42;12;0;51;5;158;13;370
01 0 60; Segeberg;189266;73390;596;72794;23991;38357;4297;0;942;2660;449;317;99;294;97;0;131;85;234;68;15;0;92;10;190;27;439
01 0 61; Steinburg;104302;41581;475;41106;14690;21650;1992;0;387;1067;211;139;44;136;78;0;90;38;156;45;13;0;46;6;87;18;213
01 0 62; Stormarn;169241;73933;594;73339;25032;36847;5367;0;992;2585;541;321;123;246;86;0;112;97;190;48;22;0;71;12;163;19;465
901; Schleswig-Holstein;2137366;827878;7874;820004;289850;414097;50229;0;11594;25757;5236;3558;1128;2687;1286;0;1759;1102;2549;688;206;0;843;147;2201;268;4819

02 0 00; Hamburg, Freie und Hansestadt;1208699;447049;3786;443263;164705;178149;53082;0;14734;14849;4352;3111;455;934;715;0;875;817;1359;256;120;0;386;75;1319;179;2791
902; Hamburg;1208699;447049;3786;443263;164705;178149;53082;0;14734;14849;4352;3111;455;934;715;0;875;817;1359;256;120;0;386;75;1319;179;2791

03 1 01; Braunschweig, Stadt;190906;85608;616;84992;33529;36699;7169;0;1789;2683;1064;244;191;185;104;0;212;95;183;46;21;0;69;13;240;25;431
03 1 02; Salzgitter, Stadt;83547;33963;344;33619;15609;14663;1049;0;429;643;454;98;18;90;36;0;69;37;109;36;2;0;22;7;74;11;163
03 1 03; Wolfsburg, Stadt;91412;39021;441;38580;15531;18743;1650;0;362;899;362;178;28;111;37;0;70;27;253;29;5;0;24;10;93;7;161
03 1 51; Gifhorn;124518;54755;356;54399;20587;27392;2620;0;464;1239;580;132;53;169;48;0;410;52;172;33;9;0;52;6;130;14;237
03 1 52; Göttingen;199376;93778;720;93058;35352;39340;10361;0;2117;2788;684;343;152;289;133;0;148;121;276;62;9;0;73;14;293;38;465
03 1 53; Goslar;123148;62806;798;62008;26798;28624;2333;0;753;1423;592;154;53;162;72;0;171;65;216;24;13;0;67;8;150;11;319
03 1 54; Helmstedt;78556;36709;445;36264;15414;17088;1376;0;341;675;280;86;26;127;43;0;64;32;330;19;2;0;36;8;89;7;221
03 1 55; Northeim;119145;58559;456;58103;27687;24077;2296;0;559;1644;766;138;35;143;60;0;94;49;107;23;1;0;41;6;99;3;275
03 1 56; Osterode am Harz;69072;29974;291;29683;13823;12989;944;0;280;665;347;61;18;77;52;0;50;25;89;9;1;0;23;0;62;1;167
03 1 57; Peine;99900;46039;326;45713;22035;19025;1924;0;385;918;474;101;40;137;44;0;111;56;81;21;7;0;36;9;85;7;217
03 1 58; Wolfenbüttel;97028;46964;397;46567;19623;21247;2468;0;482;1184;547;94;43;108;45;0;126;36;134;32;4;0;25;4;104;10;251
03 2 01; Hannover, Landeshauptstadt;371574;166563;1094;165469;66466;64284;18752;0;3998;5413;1858;818;256;355;256;0;496;258;448;110;77;0;109;30;542;64;879
03 2 51; Diepholz;161159;66976;433;66543;26917;30104;4036;0;727;2816;563;183;58;142;59;0;141;72;162;43;10;0;42;9;161;13;285
03 2 52; Hameln-Pyrmont;124478;54239;406;53833;23166;24081;2635;0;537;1395;683;181;45;142;70;0;113;58;176;49;12;0;50;9;112;13;306
03 2 53; Hannover;457506;203369;1273;202096;85072;90410;11358;0;2143;5672;2731;715;228;524;237;0;562;189;454;131;27;0;152;31;424;36;1000
03 2 54; Hildesheim;224353;110933;948;109985;47790;49494;5652;0;1087;2134;1129;320;183;331;135;0;291;102;310;87;8;0;83;45;239;30;535
03 2 55; Holzminden;64354;31163;310;30853;15202;12406;1202;0;253;798;285;81;24;96;29;0;83;27;116;19;4;0;28;2;65;3;130
03 2 56; Nienburg (Weser);95797;38031;259;37772;15766;17642;1836;0;283;839;639;90;42;106;40;0;67;39;74;19;4;0;37;7;78;11;153
03 2 57; Schaumburg;125540;53865;364;53501;24615;22574;2482;0;517;1218;605;175;52;159;66;0;323;41;168;47;8;0;42;8;128;14;259
03 3 51; Celle;137141;54898;301;54597;18138;29384;2558;0;599;1468;1153;145;59;136;39;0;302;60;110;28;9;0;31;7;109;10;252
03 3 52; Cuxhaven;157327;68991;604;68387;27662;33097;3518;0;662;1456;590;161;69;159;64;0;65;76;204;23;10;0;57;6;153;15;340
03 3 53; Harburg;175269;78202;527;77675;26008;39392;5397;0;974;2782;932;296;90;290;49;0;231;106;286;53;15;0;71;11;166;21;505
03 3 54; Lüchow-Dannenberg;41463;17621;170;17451;5270;8297;2482;0;301;413;209;51;14;56;41;0;47;25;61;11;6;0;18;0;33;6;110
03 3 55; Lüneburg;124626;51492;314;51178;18722;23079;4920;0;1037;1686;401;194;55;115;54;0;82;74;243;25;10;0;36;7;120;24;294
03 3 56; Osterholz;84076;37731;245;37486;16088;15352;3213;0;503;988;396;121;47;110;35;0;89;46;102;22;8;0;43;3;89;8;223
03 3 57; Rotenburg (Wümme);120501;52445;322;52123;18389;27617;3005;0;456;1143;377;103;44;154;49;0;156;55;152;40;20;0;41;5;123;12;182
03 3 58; Soltau-Fallingbostel;105385;46023;360;45663;17387;22804;2093;0;379;1127;708;131;71;154;41;0;208;38;139;30;11;0;33;4;104;8;193
03 3 59; Stade;144541;61750;775;60975;23576;29566;3574;0;875;1564;526;213;51;135;48;0;108;43;223;24;10;0;46;5;132;17;239
03 3 60; Uelzen;77120;35703;284;35419;13514;16929;2241;0;389;818;422;145;54;94;59;0;186;47;137;19;3;0;30;6;105;10;211
03 3 61; Verden;99401;45793;369;45424;19103;19259;3548;0;539;1372;450;163;65;129;49;0;109;62;135;18;1;0;30;4;127;18;243
03 4 01; Delmenhorst, Stadt;57766;21498;175;21323;10067;8497;1171;0;247;561;216;172;23;61;29;0;10;19;55;18;5;0;17;1;36;4;114
03 4 02; Emden, Stadt;38857;13000;151;12849;7124;3980;843;0;226;300;100;36;10;22;15;0;35;9;28;15;6;0;7;3;27;3;60
03 4 03; Oldenburg (Oldenburg), Stadt;118019;46391;302;46089;17731;17862;6063;0;1461;1551;221;174;82;86;88;0;60;74;127;40;11;0;22;9;181;15;231
03 4 04; Osnabrück, Stadt;119519;55099;350;54749;18563;26610;5359;0;915;1763;337;187;147;110;68;0;50;73;93;33;5;0;28;21;135;23;229
03 4 05; Wilhelmshaven, Stadt;68216;27304;277;27027;12405;11174;1180;0;386;681;579;88;20;63;51;0;19;51;57;7;2;0;15;2;86;9;152
03 4 51; Ammerland;83106;30965;232;30733;12367;14161;1753;0;329;1280;198;80;30;64;29;0;37;52;81;11;6;0;18;3;82;4;148
03 4 52; Aurich;142635;62835;1129;61706;34521;20402;3098;0;686;1170;418;168;46;168;63;0;167;65;101;44;17;0;37;7;150;15;363
03 4 53; Cloppenburg;105447;44824;424;44400;8829;32733;1030;0;228;827;218;42;27;84;26;0;25;37;43;33;3;0;19;11;64;10;111
03 4 54; Emsland;218674;101810;627;101183;22108;72132;2738;0;508;1772;463;144;70;207;99;0;70;71;129;68;11;0;55;34;182;22;300
03 4 55; Friesland;77621;30316;314;30002;13683;12191;1623;0;275;1221;309;98;32;79;34;0;34;42;81;11;3;0;26;11;78;9;162
03 4 56; Grafschaft Bentheim;92986;41012;176;40836;14626;22731;1593;0;252;841;161;52;90;85;27;0;65;30;42;28;5;0;19;1;69;4;115
03 4 57; Leer;120139;45877;443;45434;21795;18655;2136;0;500;859;313;141;38;142;45;0;250;48;91;45;4;0;44;6;102;11;209
03 4 58; Oldenburg;89767;36779;200;36579;14540;16580;2276;0;383;1736;230;150;36;100;27;0;33;45;98;19;7;0;20;1;93;5;200
03 4 59; Osnabrück;257905;127189;892;126297;42080;71397;5955;0;899;3029;680;241;173;299;105;0;125;190;223;71;15;0;81;26;246;26;436
03 4 60; Vechta;87062;41348;282;41066;7439;30523;1221;0;144;1001;249;59;20;57;26;0;22;15;50;22;4;0;25;12;83;4;90
03 4 61; Wesermarsch;71319;27635;281;27354;13668;10250;1351;0;283;1078;186;71;22;74;22;0;18;30;51;16;8;0;20;2;62;12;130
03 4 62; Wittmund;43547;16522;157;16365;7162;7441;752;0;135;377;131;45;10;48;19;0;11;29;21;9;1;0;17;1;53;3;100
903; Niedersachsen;5960804;2634368;20960;2613408;1033547;1232977;158834;0;32077;69910;25816;7863;3040;6734;2867;0;6215;2893;7021;1622;440;0;1917;435;6158;646;12396

04 0 11; Bremen, Stadt;401555;179288;1078;178210;76275;61786;23538;0;4954;5044;1307;941;156;318;284;0;283;436;700;92;27;0;128;20;632;49;1240
04 0 12; Bremerhaven, Stadt;90295;36119;261;35858;17292;12647;2634;0;622;1122;403;171;21;86;73;0;23;66;223;14;5;0;30;5;110;12;299
904; Bremen;491850;215407;1339;214068;93567;74433;26172;0;5576;6166;1710;1112;177;404;357;0;306;502;923;106;32;0;158;25;742;61;1539

05 1 11; Düsseldorf, Stadt;410369;176962;1042;175920;60004;81928;15313;0;3770;8166;1819;1169;211;307;242;0;139;204;413;120;67;0;135;80;632;98;1103
05 1 12; Duisburg, Stadt;365427;134601;1248;133353;67577;46015;7882;0;2975;3235;1689;880;150;341;152;0;110;112;549;136;30;0;131;54;408;40;887
05 1 13; Essen, Stadt;457555;179572;1542;178030;75457;72582;14203;0;3522;5351;2004;972;209;542;186;0;217;144;472;128;34;0;161;72;445;45;1284
05 1 14; Krefeld, Stadt;167790;66033;436;65597;22661;32621;4801;0;784;2420;581;436;52;138;81;0;77;62;141;78;20;0;50;29;157;17;391
05 1 16; Mönchengladbach, Stadt;196421;73359;558;72801;23588;38241;4731;0;865;3085;590;299;88;160;58;0;70;110;147;54;18;0;64;33;198;20;382
05 1 17; Mülheim an der Ruhr, Stadt;133349;59060;416;58644;26399;22701;4108;0;1005;2349;491;321;56;139;47;0;78;43;210;37;15;0;81;18;154;20;372
05 1 19; Oberhausen, Stadt;163896;59441;507;58934;30033;20717;3591;0;1103;1181;592;405;109;144;76;0;58;39;184;43;6;0;68;46;160;24;355
05 1 20; Remscheid, Stadt;85096;33027;280;32747;12383;15336;1918;0;474;1359;437;119;82;80;32;0;59;25;96;34;7;0;21;12;84;8;181
05 1 22; Solingen, Stadt;116001;48457;382;48075;17479;22723;3063;0;778;2167;561;209;117;132;40;0;99;33;131;37;16;0;52;35;113;17;273
05 1 24; Wuppertal, Stadt;262805;108800;793;108007;42472;44539;9513;0;2424;4659;1473;453;139;242;125;0;285;90;317;112;17;0;114;29;336;40;628
05 1 54; Kleve;212214;97081;970;96111;28852;56011;4802;0;669;3396;522;295;191;157;79;0;72;58;149;63;6;0;70;29;204;25;461
05 1 58; Mettmann;372644;172358;1349;171009;61650;82115;10968;0;2235;7681;1678;751;209;426;182;0;305;159;584;147;41;0;193;56;473;46;1110
05 1 62; Neuss;321931;146652;1219;145433;44900;79559;8280;0;1372;6233;1181;687;167;344;120;0;113;102;287;118;28;0;132;551;454;37;768
05 1 66; Viersen;217193;93782;761;93021;29682;50475;5689;0;831;3740;621;329;92;202;77;0;71;85;151;75;18;0;86;38;251;29;479
05 1 70; Wesel;347536;147747;1282;146465;63393;62817;9313;0;1638;4661;1151;685;129;342;145;0;127;110;345;106;32;0;162;40;416;37;816
05 3 13; Aachen, Stadt;163242;81973;628;81345;23911;39153;10818;0;1679;3445;465;324;118;144;88;0;48;110;214;55;19;0;66;11;213;28;436
05 3 14; Bonn, Stadt;213494;110689;731;109958;29347;53555;14176;0;2307;6958;822;411;248;207;114;0;179;90;209;72;51;0;88;29;363;44;688
05 3 15; Köln, Stadt;661883;272823;672;272151;95917;110748;38635;0;6155;11835;2031;1562;420;409;282;0;291;249;635;458;50;0;150;80;806;140;1298
05 3 16; Leverkusen, Stadt;116862;51166;449;50717;18928;23471;3667;0;621;2163;574;337;49;132;56;0;43;53;115;41;15;0;35;15;140;10;252
05 3 54; Aachen;222051;103432;1382;102050;41590;48014;5393;0;1039;2625;1063;378;85;303;96;0;44;91;234;59;16;0;97;24;254;20;625
05 3 58; Düren;192665;89173;1032;88141;31701;45489;4702;0;855;2559;584;357;85;253;87;0;72;81;160;169;17;0;100;30;230;33;577
05 3 62; Erftkreis;325517;152297;1506;150791;59163;70255;9357;0;1351;5955;1146;705;182;323;98;0;105;128;369;119;24;0;120;50;382;46;913
05 3 66; Euskirchen;140131;64650;697;63953;18143;37182;3532;0;460;2622;468;254;81;148;42;0;97;52;95;82;33;0;63;16;182;10;391
05 3 70; Heinsberg;176379;80402;1191;79211;23801;46414;3822;0;556;2117;767;297;73;215;80;0;42;100;142;71;13;0;69;29;185;21;397
05 3 74; Oberbergischer Kreis;205818;92044;777;91267;30695;47874;5410;0;814;3462;753;332;192;200;55;0;259;71;227;128;11;0;56;28;198;22;480
05 3 78; Rheinisch-Bergischer Kreis;205809;103630;631;102999;31764;52444;8488;0;1111;5621;932;553;165;257;98;0;216;68;201;137;25;0;79;25;239;30;546
05 3 82; Rhein-Sieg-Kreis;412652;200741;1686;199055;59007;106971;15127;0;2059;9647;1503;804;350;461;117;0;267;187;462;173;26;0;167;55;465;51;1156
05 5 12; Bottrop, Stadt;91219;38077;349;37728;17842;14798;1975;0;534;700;398;181;490;113;56;0;26;40;111;19;9;0;36;14;112;15;259
05 5 13; Gelsenkirchen, Stadt;204048;71249;639;70610;36113;24690;3832;0;1301;1379;1114;431;72;247;123;0;84;55;290;90;12;0;91;46;216;30;394
05 5 15; Münster, Stadt;199809;106268;511;105757;29727;51729;14723;0;1878;4954;429;297;404;150;129;0;41;110;145;90;19;0;55;67;321;40;449
05 5 54; Borken;252206;112144;764;111380;30625;69077;5784;0;661;2848;447;250;189;182;81;0;87;70;125;122;9;0;87;70;246;26;394
05 5 58; Coesfeld;155700;77010;572;76438;20929;45691;5034;0;505;2336;400;223;178;166;53;0;35;72;113;66;2;0;52;63;185;18;317
05 5 62; Recklinghausen;491567;202948;1752;201196;93244;81888;11256;0;2634;4546;2250;920;253;589;235;0;215;165;716;197;31;0;233;76;578;50;1120
05 5 66; Steinfurt;315283;145568;1012;144556;52369;75087;8456;0;940;4578;798;300;143;245;86;0;81;85;242;116;20;0;90;95;284;22;519
05 5 70; Warendorf;201498;96708;796;95912;30628;53929;4950;0;779;3262;567;229;104;226;76;0;26;63;148;127;8;0;93;40;238;16;403
05 7 11; Bielefeld, Stadt;234743;110114;975;109139;41322;46147;12070;0;2553;3372;930;429;160;178;143;0;248;84;302;130;14;0;93;24;356;31;553
05 7 54; Gütersloh;246147;111017;894;110123;35170;59650;7415;0;1070;3399;899;375;250;224;89;0;118;96;252;132;19;0;97;37;265;22;544
05 7 58; Herford;191864;85658;928;84730;36869;36996;4926;0;960;2319;769;289;107;152;60;0;196;63;197;80;21;0;88;9;188;23;418
05 7 62; Höxter;116709;56762;508;56254;15338;35353;2185;0;338;1439;469;130;150;112;46;0;33;52;103;101;6;0;58;8;116;13;204
05 7 66; Lippe;273484;122756;1250;121506;51677;51544;7881;0;1272;4625;1170;464;282;268;103;0;486;97;353;146;24;0;119;19;303;26;647
05 7 70; Minden-Lübbecke;243711;102674;960;101714;43894;44051;5552;0;909;3708;943;344;160;168;92;0;589;79;247;100;20;0;91;11;239;27;490
05 7 74; Paderborn;205947;90394;833;89561;22181;56068;5278;0;735;2612;755;237;182;207;87;0;66;106;144;149;13;0;80;45;255;28;333
05 9 11; Bochum, Stadt;292692;126080;1035;125045;60523;42708;10755;0;2791;3043;1327;740;198;431;180;0;118;122;406;165;23;0;127;32;441;46;869
05 9 13; Dortmund, Stadt;429909;178838;1400;177438;83858;61563;15783;0;3748;4979;2110;1084;207;471;288;0;155;204;711;138;52;0;192;45;566;62;1222
05 9 14; Hagen, Stadt;149720;58524;489;58035;25634;23952;3234;0;856;1827;1017;255;64;181;52;0;89;64;170;59;9;0;67;9;137;14;345
05 9 15; Hamm, Stadt;129906;54184;530;53654;23141;24454;2507;0;571;1285;525;181;47;120;61;0;27;39;132;62;14;0;57;14;131;15;271
05 9 16; Herne, Stadt;125207;43457;361;43096;22345;14756;2311;0;831;786;838;228;30;126;72;0;58;45;178;60;6;0;59;14;112;12;229
05 9 54; Ennepe-Ruhr-Kreis;267193;118802;1008;117794;53974;43899;8845;0;1853;4210;1460;547;150;308;146;0;238;127;404;112;19;0;122;28;354;43;955
05 9 58; Hochsauerlandkreis;210708;105149;832;104317;29207;66013;3577;0;564;2361;823;238;88;218;56;0;45;82;204;127;10;0;76;39;198;10;381
05 9 62; Märkischer Kreis;324905;132178;1223;130955;47858;64707;6509;0;1375;4306;2377;582;165;417;137;0;343;133;486;169;33;0;170;56;349;37;746
05 9 66; Olpe;100991;49127;346;48781;11939;33140;1589;0;221;852;266;107;46;77;33;0;26;28;93;60;3;0;48;17;93;10;133
05 9 70; Siegen-Wittgenstein;218655;96209;764;95445;35342;47011;4940;0;1026;2900;1186;277;290;247;102;0;685;67;231;210;23;0;100;20;239;21;528
05 9 74; Soest;223413;102539;863;101676;34631;55127;5066;0;741;3006;761;326;109;213;97;0;91;204;207;173;19;0;79;52;258;20;496
05 9 78; Unna;311988;138227;1275;136952;64944;53286;8441;0;1591;3595;1513;636;112;424;138;0;114;123;425;140;29;0;166;42;394;31;808
905; Nordrhein-Westfalen;13075952;5732613;47036;5685577;2121821;2687264;406176;0;76689;197919;53039;24624;8679;13208;5676;0;7863;5131;14374;5992;1122;0;5236;2506;15316;1666;31276

06 4 11; Darmstadt, Stadt;96967;41691;421;41270;13163;16498;6681;0;1172;2043;431;120;88;76;47;0;117;66;119;30;20;0;39;9;226;15;310
06 4 12; Frankfurt am Main, Stadt;381552;159783;1561;158222;45212;69755;22895;0;5321;7276;3310;694;351;279;301;0;226;240;349;109;56;0;114;29;616;85;1004
06 4 13; Offenbach am Main, Stadt;68511;26138;329;25809;7993;12061;2494;0;678;928;860;133;29;64;54;0;30;36;90;25;7;0;28;8;110;9;172
06 4 14; Wiesbaden, Landeshauptstadt;185542;75045;783;74262;22650;35543;7453;0;1400;3237;1949;255;121;186;77;0;266;105;127;52;71;0;68;21;203;26;452
06 4 31; Bergstraße;194003;83579;1317;82262;26921;41623;5253;0;814;2948;2260;256;111;227;98;0;168;102;143;95;17;0;98;26;261;28;813
06 4 32; Darmstadt-Dieburg;203103;88226;1426;86800;31842;37859;8099;0;1228;3568;1371;238;146;283;122;0;368;155;305;60;35;0;96;18;321;24;662
06 4 33; Groß-Gerau;166863;68291;1024;67267;26654;28270;5561;0;1095;2095;1724;249;94;180;73;0;127;108;157;47;20;0;73;8;235;22;475
06 4 34; Hochtaunuskreis;161748;77807;669;77138;19105;41810;6639;0;989;5265;1352;230;179;169;80;0;120;122;143;69;15;0;74;15;235;25;502
06 4 35; Main-Kinzig-Kreis;289982;112250;1406;110844;37969;53918;7387;0;1698;3648;3007;308;155;357;129;0;252;153;328;135;23;0;133;30;385;34;795
06 4 36; Main-Taunus-Kreis;157836;75649;797;74852;19015;41481;6184;0;903;4080;1379;244;86;202;61;0;92;101;156;67;19;0;62;13;243;21;443
06 4 37; Odenwaldkreis;71469;31310;706;30604;12558;13077;1904;0;378;996;853;71;50;88;27;0;103;34;79;19;8;0;19;8;104;11;217
06 4 38; Offenbach;232025;98092;1240;96852;27851;51832;7285;0;1320;3975;1941;363;193;252;120;0;141;126;162;140;19;0;109;20;306;27;670
06 4 39; Rheingau-Taunus-Kreis;134048;54546;636;53910;16447;27418;4409;0;573;2548;1125;157;74;149;51;0;120;76;97;38;19;0;65;14;171;14;345
06 4 40; Wetteraukreis;212166;87555;1197;86358;30790;40947;5865;0;1159;3276;1318;223;117;252;91;0;234;110;926;58;19;0;92;17;274;28;562
06 5 31; Gießen;184231;77630;944;76686;27410;34093;6300;0;1527;3362;1804;161;143;190;108;0;303;119;271;64;16;0;77;17;277;25;419
06 5 32; Lahn-Dill-Kreis;192426;71876;705;71171;25717;34358;3758;0;771;2425;1414;152;93;213;71;0;667;73;725;90;19;0;53;9;176;25;362
06 5 33; Limburg-Weilburg;128688;54311;738;53573;16826;30299;2453;0;386;1576;822;115;53;156;55;0;73;41;148;57;16;0;55;24;165;12;241
06 5 34; Marburg-Biedenkopf;181603;76222;666;75556;26591;33378;7201;0;2042;2355;1840;152;134;188;85;0;381;109;175;122;35;0;68;12;252;27;409
06 5 35; Vogelsbergkreis;91359;34777;471;34306;13140;16107;1639;0;385;1434;794;62;36;95;50;0;117;35;87;25;5;0;27;6;94;6;162
06 6 11; Kassel, Stadt;139560;54669;503;54166;19708;22506;6524;0;1644;1832;549;191;85;89;104;0;81;106;105;55;9;0;42;10;176;19;331
06 6 31; Fulda;161200;73391;964;72427;16369;47287;3048;0;647;1823;1432;153;122;195;66;0;245;68;201;127;13;0;72;21;183;18;337
06 6 32; Hersfeld-Rotenburg;102328;44799;700;44099;20860;18226;1660;0;471;1086;699;103;33;129;43;0;138;46;155;28;17;0;42;6;118;8;231
06 6 33; Kassel;191255;81951;1084;80867;40421;30434;4312;0;1004;2150;838;225;70;217;79;0;135;89;117;44;14;0;79;17;210;17;395
06 6 34; Schwalm-Eder-Kreis;149633;68291;991;67300;33116;25428;3071;0;725;2392;1114;149;54;161;70;0;122;76;152;47;12;0;73;6;201;10;321
06 6 35; Waldeck-Frankenberg;128994;50571;508;50063;18936;24284;2286;0;459;2098;847;98;107;124;76;0;123;42;117;54;14;0;44;6;145;11;192
06 6 36; Werra-Meißner-Kreis;90998;41143;638;40505;19018;16112;1998;0;435;1278;702;105;39;101;63;0;70;78;90;22;7;0;30;9;129;9;210
906; Hessen;4298090;1809593;22424;1787169;616282;844604;142359;0;29224;69694;35735;5207;2763;4622;2201;0;4819;2416;5524;1679;525;0;1732;379;5816;556;11032

07 1 11; Koblenz, Stadt;83175;44967;777;44190;14498;23345;2850;0;547;1454;360;183;140;100;54;0;49;35;95;37;8;0;31;15;116;11;262
07 1 31; Ahrweiler;96039;61561;1346;60215;15384;36608;3068;0;377;2414;601;250;337;203;60;0;44;65;90;70;12;0;69;20;139;15;389
07 1 32; Altenkirchen (Westerwald);102000;64099;1439;62660;22527;32805;2497;0;408;2105;587;189;97;230;65;0;325;53;111;77;3;0;61;16;144;16;344
07 1 33; Bad Kreuznach;119268;76821;2075;74746;29729;33111;4126;0;572;3615;1180;315;141;324;95;0;157;78;284;70;22;0;78;9;224;25;591
07 1 34; Birkenfeld;70743;42458;1186;41272;17252;18178;1616;0;326;1888;712;160;63;186;65;0;83;48;123;28;7;0;60;3;161;11;302
07 1 35; Cochem-Zell;51569;38245;1434;36811;8988;24321;1169;0;144;1038;317;90;37;132;32;0;46;27;45;54;3;0;56;5;84;8;215
07 1 37; Mayen-Koblenz;159751;102974;2403;100571;34722;55210;4265;0;609;2678;804;347;163;303;86;0;109;78;162;86;13;0;79;16;243;21;577
07 1 38; Neuwied;135962;83613;1647;81966;29306;42138;3860;0;745;2751;748;341;218;258;89;0;295;90;150;71;14;0;53;14;201;16;608
07 1 40; Rhein-Hunsrück-Kreis;79823;54865;1429;53436;18288;27774;2461;0;358;2572;548;161;132;199;55;0;97;64;86;69;11;0;57;11;133;17;343
07 1 41; Rhein-Lahn-Kreis;98659;63731;1657;62074;26423;27489;2771;0;462;2135;908;229;135;284;61;0;137;86;125;48;9;0;69;12;204;10;477
07 1 43; Westerwaldkreis;148803;96897;2538;94359;32660;50059;3805;0;742;2986;1284;380;146;349;109;0;262;106;213;131;19;0;127;24;295;21;641
07 2 11; Trier, Stadt;75744;38358;641;37717;11753;18972;3798;0;559;1078;544;224;123;85;56;0;37;29;46;37;7;0;30;7;106;8;218
07 2 31; Bernkastel-Wittlich;88798;60375;2253;58122;16375;34292;2623;0;312;2118;757;249;119;223;73;0;54;73;81;68;16;0;85;24;194;14;372
07 2 32; Bitburg-Prüm;73775;52921;2202;50719;14653;30325;1911;0;231;1510;486;254;161;226;50;0;48;42;82;78;12;0;67;19;162;15;387
07 2 33; Daun;49641;36002;1164;34838;9595;21374;1383;0;200;906;319;177;67;171;31;0;54;35;52;44;4;0;52;11;102;8;253
07 2 35; Trier-Saarburg;105693;74235;2860;71375;24482;38414;3422;0;451;1718;859;334;157;263;87;0;41;80;101;107;18;0;113;18;228;19;463
07 3 11; Frankenthal (Pfalz), Stadt;34204;19986;414;19572;7010;9975;856;0;177;516;544;72;24;67;14;0;40;40;41;17;4;0;18;3;65;3;86
07 3 12; Kaiserslautern, Stadt;73755;34428;593;33835;12385;15972;1959;0;345;1109;950;160;78;150;61;0;57;51;99;46;4;0;41;3;112;13;240
07 3 13; Landau in der Pfalz, Stadt;30330;17357;352;17005;5829;7816;1424;0;173;804;273;79;75;71;31;0;67;26;55;24;6;0;30;4;79;10;129
07 3 14; Ludwigshafen am Rhein, Stadt;105588;56486;958;55528;21747;24625;2541;0;707;1447;2657;307;103;244;73;0;84;69;125;35;7;0;72;5;192;25;463
07 3 15; Mainz, Stadt;128040;74393;1105;73288;23274;32895;7751;0;1319;3389;2358;271;695;201;93;0;74;71;66;85;27;0;50;17;230;24;398
07 3 16; Neustadt an der Weinstraße, Stadt;41123;25475;476;24999;7303;13550;1611;0;203;947;589;92;132;79;39;0;55;25;47;37;4;0;24;2;93;12;155
07 3 17; Pirmasens, Stadt;36993;18307;442;17865;6653;8777;677;0;118;508;557;84;37;89;27;0;32;25;40;12;1;0;26;1;40;3;158
07 3 18; Speyer, Stadt;35668;20056;392;19664;6324;9194;1424;0;285;670;904;79;275;71;28;0;50;21;38;24;4;0;19;3;84;6;161
07 3 19; Worms, Stadt;58617;30119;745;29374;11801;12953;1552;0;298;1045;781;125;51;109;31;0;73;41;117;25;7;0;30;4;99;8;224
07 3 20; Zweibrücken, Stadt;27996;16442;341;16101;7172;6630;635;0;150;554;282;76;160;59;26;0;23;24;67;12;3;0;16;3;50;4;155
07 3 31; Alzey-Worms;90430;61607;1846;59761;24913;24578;3297;0;394;2948;1466;198;111;289;54;0;189;78;258;42;16;0;85;14;243;22;566
07 3 32; Bad Dürkheim;102322;68584;1545;67039;24653;31646;3426;0;462;2951;1586;245;169;302;72;0;175;108;221;76;12;0;111;11;238;20;555
07 3 33; Donnersbergkreis;58196;40059;1140;38919;17068;15199;1865;0;314;1820;1113;176;92;192;79;0;94;52;184;34;13;0;49;6;177;15;377
07 3 34; Germersheim;87047;59382;1405;57977;18860;28980;2880;0;323;2075;2637;176;467;235;79;0;171;48;141;82;19;0;76;8;219;22;479
07 3 35; Kaiserslautern;82763;57718;1488;56230;21874;26825;2066;0;290;1505;1730;202;88;327;82;0;109;86;137;60;7;0;93;4;210;17;518
07 3 36; Kusel;62077;41526;1392;40134;20128;13517;1583;0;304;1184;2127;145;68;237;43;0;66;52;122;41;5;0;59;5;144;10;294
07 3 37; Südliche Weinstraße;83043;60205;1647;58558;18933;29746;3256;0;377;2616;1228;239;191;303;86;0;207;69;255;105;27;0;81;10;255;28;546
07 3 38; Ludwigshafen;110801;73700;1386;72314;24847;35711;3590;0;531;2852;2493;303;251;270;83;0;150;91;130;66;13;0;82;11;260;12;568
07 3 39; Mainz-Bingen;144725;95947;2123;93824;33162;44030;6583;0;889;4478;1720;339;281;385;99;0;170;124;232;90;26;0;107;17;294;28;770
07 3 40; Südwestpfalz;82586;61156;2209;58947;20047;30257;2069;0;342;2188;1619;236;206;383;100;0;146;108;217;72;14;0;137;14;262;21;509
907; Rheinland-Pfalz;3015747;1925055;49050;1876005;660618;937291;96670;0;15044;68572;38628;7487;5790;7599;2268;0;3870;2198;4438;2060;397;0;2293;369;6082;538;13793

08 1 11; Stuttgart, Landeshauptstadt;357410;165729;955;164774;45485;70752;23587;0;3126;10189;5949;765;810;346;184;0;639;300;370;162;50;0;104;20;712;62;1162
08 1 15; Böblingen;240307;103869;728;103141;26044;52587;10215;0;942;5816;3663;359;442;327;73;0;778;182;223;201;20;0;94;12;467;33;663
08 1 16; Esslingen;341940;149848;1062;148786;39278;72877;15233;0;1419;8082;6646;423;630;403;110;0;1202;295;269;153;30;0;123;15;588;36;974
08 1 17; Göppingen;176898;65875;541;65334;18404;32201;5451;0;586;3249;2975;141;305;168;79;0;464;153;195;116;23;0;76;13;275;16;444
08 1 18; Ludwigsburg;333531;142663;948;141715;38266;67428;13798;0;1570;7801;7292;637;564;424;125;0;1221;223;353;174;36;0;159;19;627;26;972
08 1 19; Rems-Murr-Kreis;280229;111514;706;110808;28493;53394;10640;0;1101;6576;5320;391;756;319;105;0;1531;186;267;152;30;0;101;18;535;32;861
08 1 21; Heilbronn, Stadt;77560;31912;253;31659;10246;14491;2140;0;341;1302;2124;83;146;76;25;0;139;53;86;37;1;0;29;4;140;9;187
08 1 25; Heilbronn;218132;86803;786;86017;24731;42871;5717;0;653;4228;4347;206;565;262;57;0;761;152;313;106;18;0;89;11;413;14;503
08 1 26; Hohenlohekreis;76743;31379;299;31080;7877;16293;2101;0;258;1869;1517;64;157;87;36;0;247;63;114;41;4;0;39;3;133;10;167
08 1 27; Schwäbisch Hall;132588;49858;393;49465;13940;23209;4141;0;475;2817;2420;102;513;115;46;0;753;95;138;68;8;0;35;8;236;14;332
08 1 28; Main-Tauber-Kreis;102573;44694;385;44309;9388;27296;2345;0;291;1498;1533;97;558;155;41;0;262;65;146;98;11;0;52;12;186;16;259
08 1 35; Heidenheim;96317;38225;346;37879;11847;17950;2660;0;406;1374;2130;94;368;120;43;0;274;78;57;36;2;0;38;8;173;11;210
08 1 36; Ostalbkreis;223567;86453;855;85598;21952;47729;6243;0;591;2958;3294;197;415;248;86;0;470;126;144;111;14;0;85;12;380;25;518
08 2 11; Baden-Baden, Stadt;39210;15639;112;15527;3485;8507;1429;0;204;947;419;87;50;21;12;0;55;30;35;17;0;0;4;9;73;5;138
08 2 12; Karlsruhe, Stadt;196485;79957;581;79376;23089;35346;10131;0;1629;4700;1501;294;436;148;107;0;364;120;342;70;28;0;53;19;300;23;676
08 2 15; Karlsruhe;300868;124941;1541;123400;33164;66837;8958;0;1057;5087;3266;359;409;358;121;0;954;218;446;277;37;0;135;15;551;44;1107
08 2 16; Rastatt;161569;58617;736;57881;14745;33368;3862;0;457;2044;1415;182;258;183;64;0;165;112;179;105;8;0;48;21;233;21;411
08 2 21; Heidelberg, Stadt;93568;42242;271;41971;10680;17384;8617;0;1061;2378;471;136;280;66;68;0;148;65;76;38;13;0;28;8;191;18;245
08 2 22; Mannheim, Universitätsstadt;198990;79197;708;78489;27169;34735;7080;0;1674;2905;2119;457;158;208;141;0;191;118;277;78;20;0;61;10;398;23;667
08 2 25; Neckar-Odenwald-Kreis;107647;42606;495;42111;10659;25068;2198;0;269;1241;1085;86;304;148;42;0;231;51;142;70;13;0;46;8;169;14;267
08 2 26; Rhein-Neckar-Kreis;376349;166474;1879;164595;48784;83973;13697;0;1704;7321;3565;508;661;454;171;0;661;223;561;201;33;0;168;35;601;38;1236
08 2 31; Pforzheim, Stadt;78725;28963;316;28647;7453;15387;1958;0;376;1481;949;96;66;76;38;0;193;56;66;22;4;0;21;2;118;10;275
08 2 35; Calw;106269;41042;328;40714;9670;22052;3257;0;346;2080;1374;162;206;139;37;0;545;81;136;107;11;0;36;7;177;9;282
08 2 36; Enzkreis;134177;52932;486;52446;14844;25760;4096;0;401;2642;2032;181;203;194;57;0;808;104;174;81;8;0;70;14;246;19;512
08 2 37; Freudenstadt;84226;31194;264;30930;7256;17504;2031;0;235;1524;1075;87;204;86;23;0;318;44;78;87;8;0;35;8;105;9;213
08 3 11; Freiburg im Breisgau, Stadt;136500;55792;319;55473;13554;20437;14313;0;1691;2260;815;205;532;92;132;0;220;141;76;108;16;0;25;11;319;37;489
08 3 15; Breisgau-Hochschwarzwald;173101;69512;615;68897;16810;35208;9004;0;758;3199;1126;251;407;198;60;0;441;132;118;234;9;0;61;11;280;24;566
08 3 16; Emmendingen;110914;40205;393;39812;11857;18760;4593;0;419;1610;784;109;206;101;32;0;191;73;44;411;2;0;52;2;136;13;417
08 3 17; Ortenaukreis;296305;107702;1273;106429;26875;60881;8425;0;856;3754;2210;271;379;265;119;0;426;201;190;311;18;0;81;16;445;22;684
08 3 25; Rottweil;101323;38313;366;37947;8810;21767;2343;0;239;1608;1239;110;696;116;29;0;268;59;98;105;7;0;34;11;124;9;275
08 3 26; Schwarzwald-Baar-Kreis;147242;56150;507;55643;13768;30640;4332;0;461;2684;1366;200;292;169;46;0;596;100;171;152;8;0;62;13;199;21;363
08 3 27; Tuttlingen;91894;37031;393;36638;8184;21786;2220;0;238;1858;1076;107;158;130;27;0;207;45;99;65;5;0;36;8;138;8;243
08 3 35; Konstanz;184929;70471;641;69830;17762;34807;8812;0;834;3617;1379;267;310;194;96;0;275;121;145;123;16;0;88;13;345;18;608
08 3 36; Lörrach;152044;55763;546;55217;17182;25111;6166;0;690;2320;1221;241;224;159;68;0;695;97;134;98;10;0;64;6;236;27;468
08 3 37; Waldshut;114638;42446;435;42011;10120;23118;3737;0;324;1741;1019;126;512;115;56;0;344;63;85;88;8;0;44;10;184;14;303
08 4 15; Reutlingen;189486;77540;594;76946;18374;36933;7745;0;811;7831;2489;269;326;188;79;0;574;138;203;117;9;0;59;6;290;26;479
08 4 16; Tübingen;136967;58607;318;58289;14312;23927;11275;0;1342;3321;1937;139;415;125;63;0;368;136;88;68;14;0;40;17;328;33;341
08 4 17; Zollernalbkreis;137591;47215;385;46830;11213;26377;2976;0;305;2323;1942;159;177;135;55;0;273;82;105;78;8;0;42;11;209;15;345
08 4 21; Ulm, Universitätsstadt;76646;33454;243;33211;9686;15417;4043;0;524;1497;855;110;212;66;48;0;129;83;85;37;5;0;22;9;154;17;212
08 4 25; Alb-Donau-Kreis;129124;55254;425;54829;12308;32723;3944;0;340;2011;1496;124;445;173;44;0;294;88;155;93;9;0;58;7;221;8;288
08 4 26; Biberach;130273;56988;477;56511;9388;36240;3886;0;219;1664;2912;135;632;141;54;0;157;131;151;171;16;0;56;15;227;13;303
08 4 35; Bodenseekreis;140620;58755;441;58314;13721;31365;5977;0;476;2576;1523;164;868;185;64;0;225;92;157;102;9;0;66;9;274;16;445
08 4 36; Ravensburg;187745;77454;649;76805;14996;45344;7362;0;492;2479;2181;198;1415;230;71;0;500;143;153;229;14;0;94;22;327;10;545
08 4 37; Sigmaringen;93206;37729;432;37297;6925;23697;2402;0;248;1374;1284;94;236;146;36;0;145;87;90;79;2;0;36;10;163;10;233
908; Baden-Württemberg;7266426;2949007;25426;2923581;762794;1489537;285140;0;32439;141836;97335;9473;17906;8059;3070;0;19702;5205;7534;5277;615;0;2749;518;12626;878;20888

09 1 61; Ingolstadt, Stadt;81026;27330;142;27188;5635;0;1396;17903;222;446;647;47;406;42;17;75;49;24;45;11;3;0;20;3;77;6;114
09 1 62; München, Landeshauptstadt;824492;486006;3914;482092;140112;0;57282;233292;7116;15145;8365;2345;5577;871;623;1687;386;833;662;462;158;0;882;48;1830;347;4069
09 1 63; Rosenheim, Stadt;40238;15726;84;15642;2719;0;1047;9937;117;330;809;41;209;23;18;117;25;29;35;29;5;0;13;0;45;6;88
09 1 71; Altötting;80386;34458;157;34301;5283;0;1193;25051;154;507;911;58;409;55;17;158;27;43;63;51;28;0;44;4;72;9;164
09 1 72; Berchtesgadener Land;71607;31418;133;31285;4604;0;1490;22777;156;389;688;51;489;38;23;110;73;20;47;54;10;0;23;2;51;4;186
09 1 73; Bad Tölz-Wolfratshausen;83226;39359;151;39208;5150;0;2490;28918;189;757;452;89;385;62;23;180;21;54;47;40;5;0;32;7;88;8;211
09 1 74; Dachau;89959;40863;167;40696;7014;0;2448;27755;265;690;1047;90;552;69;24;158;28;55;41;36;8;0;54;4;99;18;241
09 1 75; Ebersberg;84089;41045;142;40903;7404;0;3238;26784;310;1037;615;114;538;63;36;174;40;51;39;42;7;0;50;7;90;20;244
09 1 76; Eichstätt;84439;40108;172;39936;7497;0;1475;28647;168;399;489;49;535;62;22;134;36;51;52;48;6;0;34;2;73;8;149
09 1 77; Erding;80456;34644;139;34505;5001;0;1782;23549;201;518;1675;54;1008;54;20;197;22;28;20;49;6;0;42;3;73;10;193
09 1 78; Freising;102276;44644;155;44489;7125;0;3180;30307;303;819;629;113;968;89;28;219;67;53;92;43;5;0;44;7;122;14;262
09 1 79; Fürstenfeldbruck;140947;69659;275;69384;14767;0;5978;42130;482;1710;1738;211;855;120;53;271;87;109;62;82;8;0;78;12;163;23;445
09 1 80; Garmisch-Partenkirchen;63621;29542;127;29415;3148;0;1235;22867;115;541;295;55;601;23;19;110;31;43;25;30;3;0;17;3;55;12;187
09 1 81; Landsberg a. Lech;75210;34592;145;34447;5493;0;2489;23414;207;635;537;68;570;56;25;346;96;44;37;56;5;0;30;4;123;9;203
09 1 82; Miesbach;66501;30747;108;30639;4550;0;1534;22380;112;621;428;76;302;42;18;127;24;36;41;34;4;0;25;3;76;12;194
09 1 83; Mühldorf a. Inn;79910;32926;145;32781;4320;0;1263;24640;136;384;847;43;350;70;20;234;43;42;35;53;9;0;30;5;64;8;185
09 1 84; München;207392;103764;388;103376;22137;0;8841;62520;855;3736;1305;306;1444;149;65;387;72;125;157;95;28;0;159;5;245;35;710
09 1 85; Neuburg-Schrobenhausen;65345;27762;116;27646;5010;0;871;20304;96;260;428;27;201;46;16;89;33;31;38;16;4;0;16;2;49;4;105
09 1 86; Pfaffenhofen a.d. Ilm;79849;33991;121;33870;5935;0;1469;24134;192;463;494;41;453;69;14;122;72;37;73;33;2;0;21;6;83;13;144
09 1 87; Rosenheim;167656;76752;302;76450;10298;0;4243;54861;368;1303;2110;147;1311;114;39;441;77;130;124;83;21;0;79;6;187;26;482
09 1 88; Starnberg;90024;44843;135;44708;7407;0;4505;28144;304;2060;623;123;644;57;27;165;30;83;57;46;8;0;40;2;103;15;265
09 1 89; Traunstein;124393;54644;202;54442;8726;0;2869;38644;231;708;874;82;829;40;33;635;89;50;51;112;28;0;37;1;118;12;273
09 1 90; Weilheim-Schongau;91623;41739;177;41562;7393;0;2443;28393;245;619;716;105;645;57;29;244;82;50;61;46;9;0;35;2;106;10;272
09 2 61; Landshut, Stadt;44547;18244;108;18136;3240;0;1131;12360;109;296;232;80;274;42;21;63;17;18;41;23;5;0;17;4;50;2;111
09 2 62; Passau, Stadt;38289;14472;68;14404;2708;0;910;9223;119;435;295;39;451;23;22;32;7;13;22;14;2;0;3;2;22;3;59
09 2 63; Straubing, Stadt;33166;11878;75;11803;1964;0;296;8617;69;117;195;25;312;12;12;39;19;6;40;3;0;0;10;0;17;1;49
09 2 71; Deggendorf;86420;29103;136;28967;4699;0;893;21058;111;300;752;44;481;47;20;128;59;26;61;39;5;0;20;1;75;3;145
09 2 72; Freyung-Grafenau;63107;19919;111;19808;4018;0;463;13734;52;186;344;35;392;38;12;291;29;18;18;28;1;0;15;2;37;0;95
09 2 73; Kelheim;79441;33772;208;33564;6245;0;1232;23845;173;366;541;50;462;67;23;131;18;49;72;40;1;0;20;2;88;6;133
09 2 74; Landshut;103526;44503;187;44316;6328;0;1625;33121;207;565;742;65;747;90;23;198;45;47;85;43;5;0;41;1;101;10;227
09 2 75; Passau;140707;49310;320;48990;9167;0;1433;34467;178;534;1004;66;1216;95;31;178;37;49;109;47;8;0;30;4;112;7;218
09 2 76; Regen;63436;19073;83;18990;3412;0;483;13772;62;157;450;27;289;37;10;80;28;38;25;11;3;0;6;1;24;2;73
09 2 77; Rottal-Inn;88725;31461;175;31286;4240;0;910;23777;123;315;518;49;708;57;18;178;27;19;79;57;5;0;34;3;51;5;113
09 2 78; Straubing-Bogen;70374;30177;158;30019;3870;0;513;23222;76;280;473;30;973;48;13;167;20;26;97;19;6;0;21;4;42;2;117
09 2 79; Dingolfing-Landau;67167;26740;166;26574;4179;0;588;19819;93;291;473;39;608;62;15;120;19;24;43;16;11;0;26;3;42;5;98
09 3 61; Amberg, Stadt;33170;13134;93;13041;3247;0;553;8339;77;174;158;49;174;23;7;35;24;9;21;22;3;0;12;5;30;3;76
09 3 62; Regensburg, Stadt;94794;48761;437;48324;10769;0;4663;28412;655;932;709;125;879;107;60;176;65;135;77;42;16;0;29;3;168;18;284
09 3 63; Weiden i.d. OPf., Stadt;33698;13546;82;13464;3525;0;476;8631;125;175;117;16;109;19;12;43;21;19;25;18;1;0;15;2;29;7;79
09 3 71; Amberg-Sulzbach;81164;36097;213;35884;9193;0;1061;23393;167;421;444;40;484;84;20;105;71;44;53;35;10;0;38;1;80;11;129
09 3 72; Cham;99587;36552;224;36328;5661;0;887;27592;106;304;473;54;286;58;23;265;69;191;53;45;3;0;24;1;60;9;164
09 3 73; Neumarkt i.d. OPf.;91508;44488;217;44271;6866;0;1537;33238;191;420;480;67;582;88;25;111;80;53;135;66;4;0;31;4;102;7;184
09 3 74; Neustadt a.d. Waldnaab;75845;34823;205;34618;9137;0;765;23015;112;353;362;36;269;91;29;110;30;32;57;32;3;0;19;4;56;6;100
09 3 75; Regensburg;130672;58080;263;57817;11447;0;2555;39647;265;662;1230;77;868;135;32;213;64;69;67;60;19;0;29;4;128;8;238
09 3 76; Schwandorf;110959;47945;330;47615;11999;0;1111;32020;214;294;554;66;613;85;27;121;34;46;80;38;2;0;34;3;87;10;177
09 3 77; Tirschenreuth;62522;28591;170;28421;6463;0;587;20109;80;244;307;32;153;54;29;86;14;19;47;34;1;0;17;2;35;3;105
09 4 61; Bamberg, Stadt;52340;22090;106;21984;4157;0;2137;13815;210;453;342;51;335;44;23;70;48;23;45;18;5;0;21;4;60;7;116
09 4 62; Bayreuth, Stadt;56907;23027;108;22919;5758;0;1656;13361;249;719;340;65;291;47;24;52;52;16;76;18;0;0;8;0;63;12;112
09 4 63; Coburg, Stadt;33163;13673;61;13612;4012;0;774;7676;139;378;133;16;155;26;11;30;21;12;69;6;1;0;6;1;52;11;83
09 4 64; Hof, Stadt;38418;13264;73;13191;3559;0;491;8155;94;140;283;23;69;27;20;32;124;11;27;14;0;0;6;2;26;5;83
09 4 71; Bamberg;106264;47818;195;47623;8144;0;1795;34561;162;563;816;52;423;127;25;257;132;43;93;58;6;0;30;4;134;15;183
09 4 72; Bayreuth;84045;36986;152;36834;9070;0;1204;24260;141;486;606;48;311;81;30;108;73;27;86;25;4;0;25;1;79;8;161
09 4 73; Coburg;70712;30003;141;29862;10032;0;1143;16896;181;419;352;40;187;67;30;61;48;26;141;14;5;0;19;4;63;6;128
09 4 74; Forchheim;83127;38666;139;38527;7647;0;1941;26053;211;606;934;61;282;98;31;107;120;26;51;46;6;0;35;1;85;8;178
09 4 75; Hof;86342;35220;179;35041;10543;0;948;21280;235;304;548;51;178;93;33;97;386;19;39;25;3;0;41;2;57;4;155
09 4 76; Kronach;60614;26270;186;26084;8096;0;553;16325;83;224;243;17;78;58;13;44;82;16;43;24;2;0;17;5;50;4;107
09 4 77; Kulmbach;62285;25965;130;25835;7970;0;891;15221;147;315;533;39;173;79;26;53;48;22;97;22;1;0;13;3;48;4;130
09 4 78; Lichtenfels;54499;23654;108;23546;5480;0;683;16173;86;216;242;40;122;63;12;76;51;28;83;18;7;0;20;2;38;5;101
09 4 79; Wunsiedel i. Fichtelgebirge;68680;27627;212;27415;9164;0;767;15868;145;227;420;41;113;67;30;83;94;14;99;28;10;0;22;5;49;5;164
09 5 61; Ansbach, Stadt;30162;12068;64;12004;3107;0;909;6917;110;214;129;37;264;19;17;23;82;10;25;14;0;0;18;1;33;4;71
09 5 62; Erlangen, Stadt;72211;33287;128;33159;9050;0;3850;16940;499;1208;237;107;506;52;41;55;111;40;86;30;4;0;25;8;124;13;173
09 5 63; Fürth, Stadt;78235;30513;163;30350;9633;0;2176;15917;412;581;651;93;159;39;35;57;98;43;98;20;2;0;30;3;81;12;210
09 5 64; Nürnberg, Stadt;337522;145137;826;144311;42843;0;11843;76859;2260;2790;2479;453;1028;292;195;287;401;194;582;102;31;0;113;16;491;65;987
09 5 65; Schwabach, Stadt;28128;11705;52;11653;3293;0;837;6630;87;246;158;41;96;23;10;18;50;13;23;9;4;0;9;2;29;2;73
09 5 71; Ansbach;133963;57530;278;57252;12281;0;3274;37231;286;896;955;89;749;121;52;147;455;56;147;64;4;0;30;5;132;18;260
09 5 72; Erlangen-Höchstadt;94001;44195;177;44018;11255;0;3314;26229;287;1025;515;79;386;108;36;89;120;27;99;42;7;0;45;4;124;15;212
09 5 73; Fürth;84623;39050;142;38908;11724;0;2360;21711;288;727;778;93;266;98;29;79;200;38;91;28;3;0;27;3;110;9;246
09 5 74; Nürnberger Land;125134;56759;213;56546;16397;0;3859;32130;391;1008;883;115;381;123;38;122;265;66;151;66;9;0;40;5;154;12;331
09 5 75; Neustadt a.d. Aisch-Bad Windsheim;74022;32778;168;32610;7671;0;1578;20849;175;596;496;43;476;76;28;61;116;26;137;40;3;0;23;1;70;5;140
09 5 76; Roth;91672;41296;208;41088;9657;0;2057;26919;233;525;451;79;306;75;25;80;118;45;72;35;8;0;41;1;116;7;238
09 5 77; Weißenburg-Gunzenhausen;71459;31131;176;30955;7119;0;1461;20461;105;442;393;38;323;56;21;68;112;38;60;23;8;0;27;3;73;6;118
09 6 61; Aschaffenburg, Stadt;47898;19193;202;18991;4312;0;1368;11500;237;469;457;47;164;33;18;33;17;25;73;27;3;0;15;2;72;4;115
09 6 62; Schweinfurt, Stadt;40016;16946;135;16811;4995;0;755;9432;159;263;660;50;132;40;23;24;50;23;46;17;2;0;11;1;29;3;96
09 6 63; Würzburg, Stadt;94037;40919;268;40651;8680;0;4587;22835;458;1151;1121;158;737;105;71;68;104;44;38;40;5;0;29;4;152;20;244
09 6 71; Aschaffenburg;128179;58426;574;57852;12629;0;3032;37532;347;1079;1328;124;433;171;67;98;58;82;166;95;6;0;44;9;184;14;354
09 6 72; Bad Kissingen;85068;39147;221;38926;6650;0;1552;27496;185;537;1262;76;352;120;33;79;96;33;64;62;6;0;27;5;101;5;185
09 6 73; Rhön-Grabfeld;64953;29823;161;29662;4752;0;1184;21885;143;424;524;42;169;74;27;53;53;35;47;41;0;0;21;0;82;11;95
09 6 74; Haßberge;67165;30913;196;30717;7177;0;1164;20085;128;527;542;41;412;79;27;74;65;31;110;28;3;0;20;4;88;6;106
09 6 75; Kitzingen;66121;27954;146;27808;5754;0;1271;18373;118;515;625;57;373;71;32;59;81;30;126;46;3;0;31;4;72;9;158
09 6 76; Miltenberg;92682;41419;360;41059;8847;0;1821;27150;222;808;762;73;457;107;32;89;39;62;172;38;8;0;32;7;122;5;206
09 6 77; Main-Spessart;100375;42463;259;42204;8963;0;2101;27906;193;651;858;85;589;103;30;100;126;55;68;46;6;0;31;3;96;9;185
09 6 78; Schweinfurt;88446;42110;283;41827;8198;0;1936;28458;195;576;1129;68;375;108;25;91;98;54;83;86;3;0;40;9;113;10;172
09 6 79; Würzburg;119127;55892;309;55583;12768;0;3786;34303;341;1017;1369;142;732;148;51;105;111;64;68;53;5;0;48;4;160;16;292
09 7 61; Augsburg, Stadt;176177;73382;381;73001;17335;0;5254;43772;865;1213;1868;182;707;127;71;253;131;96;194;96;13;0;56;7;238;29;494
09 7 62; Kaufbeuren, Stadt;31002;12871;52;12819;2251;0;605;8640;79;216;419;31;151;28;11;88;36;15;89;29;3;0;3;0;49;4;72
09 7 63; Kempten (Allgäu), Stadt;45530;18601;87;18514;3867;0;1022;11643;115;394;627;47;341;31;16;61;42;18;17;75;3;0;8;4;56;9;118
09 7 64; Memmingen, Stadt;29267;12266;63;12203;2575;0;667;7656;63;236;238;29;380;17;12;35;52;12;42;23;2;0;11;0;42;1;110
09 7 71; Aichach-Friedberg;88953;38748;117;38631;6148;0;1992;27238;184;619;1102;58;498;76;31;134;43;45;50;59;3;0;29;1;103;12;206
09 7 72; Augsburg;170562;74966;301;74665;13882;0;3750;51091;390;1191;1781;122;798;161;45;242;104;88;137;93;19;0;71;9;202;15;474
09 7 73; Dillingen a.d. Donau;68454;30043;214;29829;5054;0;1060;21134;101;494;1001;34;292;88;23;109;18;32;50;45;9;0;23;5;91;6;160
09 7 74; Günzburg;86124;34094;164;33930;5337;0;1152;24569;153;467;998;60;361;74;38;115;66;78;57;58;6;0;37;1;120;11;172
09 7 75; Neu-Ulm;113239;43268;209;43059;9358;0;2546;27279;316;961;923;96;412;110;40;136;123;61;119;67;19;0;61;4;132;17;279
09 7 76; Lindau (Bodensee);54634;23675;111;23564;4400;0;1679;15315;169;496;356;66;418;52;32;69;96;26;38;72;10;0;25;1;74;7;163
09 7 77; Ostallgäu;95604;41843;185;41658;5744;0;1878;30175;158;594;671;65;592;70;22;1009;59;52;129;99;7;0;31;5;106;6;186
09 7 78; Unterallgäu;98356;41988;176;41812;5155;0;1443;31657;149;567;683;71;1092;91;29;154;98;28;113;131;27;0;39;1;102;7;175
09 7 79; Donau-Ries;95254;43520;176;43344;8116;0;1675;30761;150;498;819;60;466;83;23;106;104;33;66;50;8;0;32;6;103;7;178
09 7 80; Oberallgäu;108785;48770;186;48584;7149;0;2567;34923;182;815;944;85;699;107;50;160;78;65;48;176;8;0;43;5;128;16;336
909; Bayern;8902025;3990183;21547;3968636;856863;0;243781;2540007;28924;73984;74559;9226;50400;7866;3407;14950;7662;5037;7941;4724;804;0;3805;381;10586;1278;22451

10 0 41; Stadtverband Saarbrücken;266820;144090;3850;140240;56724;60229;9240;0;1951;3882;2927;619;336;749;166;0;74;179;521;209;13;875;149;25;411;55;906
10 0 42; Merzig-Wadern;82111;55372;2351;53021;21642;25217;2034;0;330;964;675;153;167;387;56;0;52;74;158;168;7;334;77;16;128;16;366
10 0 43; Neunkirchen;115986;69829;2345;67484;31336;27897;2778;0;699;1201;1052;234;103;476;69;0;43;63;146;108;10;531;96;15;171;13;443
10 0 44; Saarlouis;162414;100577;3618;96959;40692;44183;4211;0;838;1745;1507;312;246;550;126;0;57;131;320;257;11;695;110;21;258;25;664
10 0 45; Saarpfalz-Kreis;121620;72964;2651;70313;27104;31946;4073;0;697;1697;1257;243;176;370;84;0;70;97;252;109;5;1331;90;5;197;24;486
10 0 46; Sankt Wendel;76097;56409;2156;54253;21768;27017;1933;0;321;636;806;116;99;316;53;0;36;70;104;67;3;351;66;6;123;16;346
910; Saarland;825048;499241;16971;482270;199266;216489;24269;0;4836;10125;8224;1677;1127;2848;554;0;332;614;1501;918;49;4117;588;88;1288;149;3211

11 0 00; Berlin, Stadt;2431784;970274;10118;960156;256056;335948;119965;0;160580;23184;18311;9275;2151;4015;4122;0;1330;1979;6999;797;348;0;1055;174;3827;758;9282
911; Berlin;2431784;970274;10118;960156;256056;335948;119965;0;160580;23184;18311;9275;2151;4015;4122;0;1330;1979;6999;797;348;0;1055;174;3827;758;9282

12 0 51; Brandenburg an der Havel, Stadt;65071;14659;213;14446;5153;3443;446;0;3867;508;198;117;30;89;153;0;30;34;74;22;9;0;23;10;83;12;145
12 0 52; Cottbus, Stadt;89250;24192;315;23877;7195;5977;813;0;7811;526;260;149;36;144;234;0;39;44;190;45;11;0;30;9;138;28;198
12 0 53; Frankfurt (Oder), Stadt;58948;16911;221;16690;4712;4250;570;0;5597;286;149;100;35;129;158;0;39;31;324;24;5;0;29;3;106;5;138
12 0 54; Potsdam, Stadt;102439;34103;344;33759;9904;6157;2289;0;12516;692;333;218;93;180;275;0;86;79;325;53;29;0;50;9;151;34;286
12 0 60; Barnim;131515;36944;480;36464;10672;9670;1335;0;11394;668;550;183;90;296;334;0;62;92;387;71;24;0;79;11;162;43;341
12 0 61; Dahme-Spreewald;124087;42289;826;41463;13273;12448;1317;0;10275;871;724;235;155;355;358;0;49;75;483;71;26;0;100;15;195;38;400
12 0 62; Elbe-Elster;107345;33589;704;32885;9611;12370;692;0;6368;846;676;150;74;304;479;0;81;88;333;109;32;0;63;18;197;31;363
12 0 63; Havelland;111954;30928;487;30441;10301;9520;1316;0;6292;754;561;192;53;219;264;0;44;54;268;48;10;0;64;14;135;24;308
12 0 64; Märkisch-Oderland;144594;43662;630;43032;12417;11813;1172;0;13233;905;704;246;97;352;461;0;83;106;568;94;38;0;98;16;190;44;395
12 0 65; Oberhavel;148603;45082;686;44396;14639;12503;1800;0;10844;884;927;251;79;334;432;0;109;90;580;104;15;0;82;16;220;36;451
12 0 66; Oberspreewald-Lausitz;119555;35489;692;34797;10821;11828;663;0;7969;708;637;164;61;296;464;0;67;67;344;95;20;0;71;18;175;27;302
12 0 67; Oder-Spree;154665;46027;718;45309;13920;12756;1301;0;12346;937;770;297;76;391;481;0;43;121;833;77;38;0;136;16;267;47;456
12 0 68; Ostprignitz-Ruppin;89632;25700;412;25288;8516;8351;764;0;5101;550;268;125;38;197;243;0;68;55;519;67;16;0;66;4;101;21;218
12 0 69; Potsdam-Mittelmark;158035;51051;689;50362;16660;14963;2517;0;11169;1449;620;247;128;341;418;0;109;111;505;82;26;0;111;20;278;50;558
12 0 70; Prignitz;78303;24380;352;24028;8012;8083;465;0;5549;475;275;58;38;128;181;0;54;54;323;51;8;0;33;6;80;10;145
12 0 71; Spree-Neiße;122912;35057;699;34358;9877;11088;748;0;8106;876;1058;293;84;307;539;0;60;98;387;124;41;0;66;16;199;28;363
12 0 72; Teltow-Fläming;123995;38113;1139;36974;12336;10881;1161;0;8542;911;601;228;70;356;437;0;98;108;347;117;27;0;98;20;193;29;414
12 0 73; Uckermark;121057;37946;728;37218;13105;10306;791;0;9334;795;400;159;74;278;521;0;45;79;555;80;20;0;77;12;199;45;343
912; Brandenburg;2051960;616122;10335;605787;191124;176407;20160;0;156313;13641;9711;3412;1311;4696;6432;0;1166;1386;7345;1334;395;0;1276;233;3069;552;5824

13 0 01; Greifswald, Hansestadt;43946;19653;456;19197;2621;10085;770;0;4444;241;162;105;29;125;186;0;27;14;165;11;5;0;21;4;66;21;95
13 0 02; Neubrandenburg, Stadt;59896;26588;650;25938;5105;9619;494;0;9045;262;253;106;28;174;271;0;76;36;97;22;15;0;33;13;98;34;157
13 0 03; Rostock, Hansestadt;164766;64061;1529;62532;15003;19986;2353;0;21417;860;410;283;75;375;493;0;88;71;348;34;42;0;74;14;211;41;354
13 0 04; Schwerin, Landeshauptstadt;82776;35255;904;34351;7498;12311;1387;0;10908;459;235;264;37;213;320;0;46;66;125;31;26;0;37;9;139;38;202
13 0 05; Stralsund, Hansestadt;49816;22207;576;21631;3900;9794;615;0;5585;208;389;105;12;178;249;0;52;28;196;22;18;0;43;6;95;17;119
13 0 06; Wismar, Hansestadt;37606;16095;481;15614;5158;5781;357;0;3243;298;138;92;18;100;137;0;13;11;73;17;12;0;18;4;52;12;80
13 0 51; Bad Doberan;88696;49172;2419;46753;9933;21210;1276;0;10800;734;470;198;61;399;459;0;61;90;245;51;37;0;91;29;216;35;358
13 0 52; Demmin;75405;43295;2625;40670;6289;22242;648;0;8506;438;558;134;55;343;472;0;77;85;200;48;43;0;75;18;142;35;262
13 0 53; Güstrow;89036;48119;2752;45367;9838;20762;912;0;10268;653;523;188;64;416;567;0;71;95;226;65;63;0;89;23;193;37;314
13 0 54; Ludwigslust;102159;56444;3056;53388;13365;23655;1275;0;11080;687;526;206;53;507;513;0;85;95;440;53;46;0;94;34;244;43;387
13 0 55; Mecklenburg-Strelitz;69422;39830;1942;37888;7852;17372;786;0;8705;574;514;153;40;359;460;0;61;58;340;40;30;0;52;19;171;43;259
13 0 56; Müritz;55493;31685;1961;29724;7007;13093;930;0;6330;411;419;111;31;233;308;0;91;60;147;42;30;0;64;31;154;25;207
13 0 57; Nordvorpommern;93825;51236;2739;48497;8005;25469;867;0;10530;520;673;192;64;419;517;0;87;83;316;37;39;0;99;23;197;42;318
13 0 58; Nordwestmecklenburg;92465;49012;2702;46310;11281;20486;1170;0;9874;613;506;207;73;425;422;0;89;88;269;41;46;0;95;26;196;39;364
13 0 59; Ostvorpommern;91100;49499;2856;46643;6459;26045;739;0;9762;484;684;171;73;387;537;0;85;69;429;50;45;0;83;26;173;45;297
13 0 60; Parchim;84942;46254;2519;43735;9080;20527;1086;0;9833;730;439;196;43;362;384;0;66;73;215;43;43;0;70;13;194;41;297
13 0 61; Rügen;59896;30127;1651;28476;4052;14062;622;0;6955;581;475;140;43;299;433;0;54;53;151;23;30;0;61;11;140;42;249
13 0 62; Uecker-Randow;68208;37106;2089;35017;5993;17228;558;0;8312;436;552;155;43;300;436;0;60;59;278;42;41;0;78;16;149;42;239
913; Mecklenburg-Vorpommern;1409453;715638;33907;681731;138439;309727;16845;0;165597;9189;7926;3006;842;5614;7164;0;1189;1134;4260;672;611;0;1177;319;2830;632;4558

14 1 61; Chemnitz, Stadt;219303;106276;2782;103494;24671;38227;3054;0;27588;2014;3128;569;78;486;603;0;470;136;593;121;30;0;192;18;545;72;899
14 1 66; Plauen, Stadt;59164;28241;795;27446;6598;10585;881;0;5994;723;1164;149;18;194;149;0;135;48;197;32;8;0;61;10;171;21;308
14 1 67; Zwickau, Stadt;86753;41744;1340;40404;9363;16293;976;0;9835;865;990;175;35;205;210;0;306;54;347;21;31;0;87;13;201;25;372
14 1 71; Annaberg;72959;45311;1890;43421;7402;23233;857;0;6763;1070;1203;177;31;268;300;0;365;70;553;146;38;0;102;9;298;31;505
14 1 73; Chemnitzer Land;116668;62903;2649;60254;14248;26926;1496;0;11117;1519;1299;330;52;433;366;0;453;107;501;77;38;0;138;11;375;43;725
14 1 77; Freiberg;123497;72373;3019;69354;11634;33491;1537;0;13440;1882;2064;345;133;624;740;0;296;165;949;168;88;0;229;30;555;70;914
14 1 78; Vogtlandkreis;169182;90731;3490;87241;19453;40832;1573;0;15094;2274;2871;362;62;542;494;0;902;159;466;165;29;0;225;20;600;61;1057
14 1 81; Mittlerer Erzgebirgskreis;76978;47327;2348;44979;7918;22690;900;0;7884;1291;1415;170;43;279;337;0;329;105;376;155;27;0;122;8;311;32;587
14 1 82; Mittweida;113449;67159;2685;64474;14069;30065;1042;0;11936;1546;2279;278;35;416;425;0;283;82;521;87;24;0;151;16;447;37;735
14 1 88; Stollberg;77313;43772;1945;41827;8871;20280;719;0;7736;837;1028;151;30;237;236;0;254;64;453;103;19;0;97;8;221;25;458
14 1 91; Aue-Schwarzenberg;117083;65612;2722;62890;11839;30830;981;0;12291;1255;1833;241;38;383;399;0;757;103;518;99;32;0;167;21;384;34;685
14 1 93; Zwickauer Land;111802;61279;2457;58822;12036;28341;1132;0;11115;1549;1273;223;40;342;324;0;639;82;468;100;54;0;134;14;356;27;573
14 2 62; Dresden, Stadt;382553;203832;4853;198979;29250;89099;10832;0;50377;4524;3032;1705;345;1207;1336;0;337;460;2232;191;291;0;452;60;1152;224;1873
14 2 63; Görlitz, Stadt;51070;21781;576;21205;4168;9277;583;0;4753;375;463;166;29;181;209;0;50;45;352;32;31;0;60;6;161;25;239
14 2 64; Hoyerswerda, Stadt;43282;18802;684;18118;3911;6337;232;0;6007;306;486;98;16;97;166;0;12;15;105;11;10;0;44;6;137;11;111
14 2 72; Bautzen;127435;76241;2887;73354;10046;40595;1296;0;13371;1553;2380;256;62;497;491;0;222;121;762;97;47;0;209;25;492;65;767
14 2 80; Meißen;123489;68616;2465;66151;10278;33445;2268;0;12568;1774;1512;442;75;470;457;0;109;140;988;79;94;0;218;28;439;58;709
14 2 84; Niederschles. Oberlausitzkreis;85104;47511;1798;45713;7714;21744;758;0;10087;865;1195;227;36;382;472;0;139;110;732;58;37;0;160;8;438;55;496
14 2 85; Riesa-Großenhain;99114;56689;2457;54232;9475;25656;984;0;11507;1295;1300;255;50;453;426;0;93;143;1217;57;31;0;144;20;500;44;582
14 2 86; Löbau-Zittau;127310;70822;3439;67383;9765;34515;1472;0;13013;1478;1714;403;72;567;714;0;261;117;1383;102;42;0;207;24;548;61;925
14 2 87; Sächsische Schweiz;121148;73294;2784;70510;9502;36325;1543;0;14259;1589;1493;437;54;607;626;0;109;159;2016;78;65;0;241;17;473;71;846
14 2 90; Weißeritzkreis;99495;59774;2288;57486;7760;31230;1317;0;10301;1112;2005;307;54;481;405;0;122;135;829;119;40;0;185;12;386;42;644
14 2 92; Kamenz;123997;75247;3066;72181;11939;36853;1438;0;14144;1873;1977;347;56;504;449;0;180;146;697;74;36;0;198;26;498;50;696
14 3 65; Leipzig, Stadt;385655;161385;3867;157518;42246;53786;7864;0;40547;2854;2061;1107;169;776;962;0;310;297;1322;128;108;0;388;35;848;130;1580
14 3 74; Delitzsch;100281;51847;1982;49865;12075;21813;930;0;10290;1235;1019;161;26;283;238;0;57;77;610;37;19;0;148;12;334;24;477
14 3 75; Döbeln;64188;35035;1653;33382;6410;16741;500;0;6366;890;850;111;19;189;197;0;38;76;267;32;12;0;79;7;228;24;346
14 3 79; Leipziger Land;129688;70927;2637;68290;17937;29048;1432;0;13320;1294;1571;315;39;442;469;0;102;119;507;45;61;0;199;10;541;54;785
14 3 83; Muldentalkreis;108844;61374;2520;58854;13781;26174;1463;0;10950;1428;1284;199;57;340;319;0;183;112;1133;48;25;0;185;15;392;47;719
14 3 89; Torgau-Oschatz;82079;44078;1918;42160;9441;18460;868;0;8473;1193;1643;127;44;250;248;0;40;66;416;26;11;0;130;12;324;24;364
914; Sachsen;3598883;1929983;69996;1859987;363800;852891;50928;0;391126;42463;46532;9833;1798;12135;12767;0;7553;3513;21510;2488;1378;0;4952;501;12355;1487;19977

15 1 01; Dessau, Stadt;70532;31390;816;30574;8502;11275;833;0;6879;957;406;243;29;194;346;0;36;44;150;19;28;0;76;8;200;34;315
15 1 51; Anhalt-Zerbst;63807;33299;1265;32034;8406;13010;714;0;6323;1065;557;221;38;236;396;0;49;50;168;46;32;0;107;28;224;36;328
15 1 53; Bernburg;58617;27752;1118;26634;7080;10761;447;0;5418;1035;384;138;17;156;363;0;64;40;142;32;26;0;71;13;155;26;266
15 1 54; Bitterfeld;90814;46837;1816;45021;12148;18733;635;0;8438;1237;730;335;51;380;642;0;63;69;271;46;67;0;167;17;333;52;607
15 1 59; Köthen;57115;29729;1297;28432;7690;11573;469;0;5805;806;420;140;26;185;345;0;52;47;156;23;37;0;86;14;220;31;307
15 1 71; Wittenberg;108730;60010;2396;57614;14262;24832;1059;0;10990;1692;954;334;70;526;740;0;152;102;366;65;122;0;192;27;462;64;603
15 2 02; Halle (Saale), Stadt;207285;92368;2306;90062;21732;28798;3810;0;24990;3358;818;1389;131;747;1173;0;128;164;520;80;220;0;277;34;625;106;962
15 2 56; Burgenlandkreis;118579;63850;2558;61292;15590;25505;1102;0;11805;1763;1048;393;73;536;833;0;167;106;688;72;104;0;194;39;555;71;648
15 2 60; Mansfelder Land;90838;47895;2155;45740;12148;18646;535;0;9750;1020;612;277;53;369;680;0;70;67;306;55;59;0;148;27;347;61;510
15 2 61; Merseburg-Querfurt;110996;56701;2510;54191;13904;21658;824;0;11337;2127;651;381;79;435;752;0;65;100;456;61;60;0;213;27;435;61;565
15 2 65; Saalkreis;63506;35575;1476;34099;8037;14747;629;0;6597;1510;438;237;50;289;324;0;52;66;243;34;38;0;139;23;287;30;329
15 2 66; Sangerhausen;56716;30964;1231;29733;7523;12212;435;0;6070;1166;409;151;30;256;392;0;41;50;247;39;37;0;118;4;252;40;261
15 2 68; Weißenfels;65165;33227;1489;31738;8330;12838;416;0;6853;832;448;194;43;243;406;0;51;41;227;53;26;0;100;17;268;32;320
15 3 03; Magdeburg, Landeshauptstadt;193207;79020;1772;77248;22782;25128;2497;0;19966;1407;778;1031;57;409;730;0;105;92;553;60;50;0;197;20;598;71;717
15 3 52; Aschersleben-Staßfurt;85732;41179;1628;39551;10692;15741;564;0;8487;1073;438;300;34;287;536;0;72;61;245;45;43;0;128;21;297;37;450
15 3 55; Bördekreis;65448;34855;1632;33223;9950;13441;532;0;5975;908;423;244;45;254;354;0;50;45;248;53;31;0;104;16;213;34;303
15 3 57; Halberstadt;65201;31928;1084;30844;8281;13894;652;0;5408;541;290;176;29;171;328;0;87;56;201;26;36;0;91;6;231;32;308
15 3 58; Jerichower Land;81181;40028;1591;38437;10130;15873;728;0;7578;1080;476;331;38;316;493;0;54;73;256;38;53;0;121;14;309;49;427
15 3 62; Ohrekreis;93180;47344;1951;45393;12557;19249;842;0;8247;1088;566;339;47;341;480;0;73;84;340;53;51;0;144;21;346;47;478
15 3 63; Stendal;111320;50145;1677;48468;13783;20054;931;0;9192;940;483;316;64;345;562;0;134;83;341;69;39;0;131;183;341;31;446
15 3 64; Quedlinburg;64929;33349;1316;32033;8819;12927;672;0;6000;1072;342;223;46;223;449;0;59;50;322;38;19;0;84;16;268;35;369
15 3 67; Schönebeck;63411;29953;1047;28906;7431;12299;504;0;5623;748;302;256;34;214;390;0;113;42;191;39;34;0;104;14;187;37;344
15 3 69; Wernigerode;78677;41952;1547;40405;11222;16423;778;0;7695;909;457;359;48;338;504;0;119;77;370;38;30;0;157;17;330;53;481
15 3 70; Altmarkkreis Salzwedel;80007;42955;1644;41311;12078;16419;727;0;8113;931;541;263;53;298;414;0;97;83;356;58;34;0;136;24;307;42;337
915; Sachsen-Anhalt;2144993;1062305;39322;1022983;273077;406036;21335;0;213539;29265;12971;8271;1185;7748;12632;0;1953;1692;7363;1142;1276;0;3285;630;7790;1112;10681

16 0 51; Erfurt, Stadt;161768;80024;1389;78635;18701;30551;3134;0;20397;1171;1123;581;122;505;378;0;114;154;289;48;32;0;119;17;460;69;670
16 0 52; Gera, Stadt;93651;43126;832;42294;9548;14507;940;0;13294;615;650;288;40;335;285;0;82;118;590;44;18;0;92;16;366;31;435
16 0 53; Jena, Stadt;77699;41182;598;40584;10836;12706;2665;0;10234;1340;718;214;72;243;257;0;102;97;306;34;35;0;69;12;263;36;345
16 0 54; Suhl, Stadt;39786;21505;418;21087;4706;7458;464;0;6958;258;285;82;22;166;89;0;18;43;99;10;7;0;45;1;121;19;236
16 0 55; Weimar, Stadt;48963;25259;472;24787;6051;9759;1593;0;5336;479;380;151;29;148;135;0;50;50;121;21;16;0;41;8;168;19;232
16 0 56; Eisenach, Stadt;36061;18327;343;17984;4909;6992;593;0;3916;266;286;129;58;138;95;0;69;49;103;8;9;0;27;3;134;8;192
16 0 61; Eichsfeld;87557;58589;1403;57186;10136;36775;900;0;5544;1087;711;149;250;341;183;0;52;90;197;56;4;0;88;20;237;20;346
16 0 62; Nordhausen;79646;45842;1169;44673;13736;17442;765;0;9471;719;658;155;28;243;218;0;74;83;202;36;31;0;96;25;282;20;389
16 0 63; Wartburgkreis;116905;72817;1956;70861;20326;30818;1288;0;12480;1512;1403;218;62;541;258;0;110;116;390;55;32;0;145;13;471;37;586
16 0 64; Unstrut-Hainich-Kreis;95433;55300;1415;53885;15058;24423;841;0;9105;1332;934;220;37;391;234;0;44;84;257;28;20;0;79;3;339;33;423
16 0 65; Kyffhäuserkreis;77203;45472;1319;44153;12738;17965;641;0;9064;938;782;157;27;304;243;0;55;95;233;44;29;0;114;12;303;21;388
16 0 66; Schmalkalden-Meiningen;117396;72783;2213;70570;17927;30714;1401;0;14490;1402;1032;260;72;541;335;0;201;146;294;86;112;0;196;20;608;55;678
16 0 67; Gotha;120893;73563;2062;71501;19096;29701;1470;0;13831;1698;1296;416;51;862;420;0;129;205;411;52;225;0;177;15;548;49;849
16 0 68; Sömmerda;65645;39504;1296;38208;9244;17222;728;0;7265;983;730;161;37;325;231;0;39;91;180;40;37;0;96;19;320;21;439
16 0 69; Hildburghausen;59520;37304;1017;36287;9600;15153;511;0;7597;1016;737;111;32;338;153;0;35;60;151;31;7;0;93;2;328;31;301
16 0 70; Ilm-Kreis;98762;61146;1697;59449;14438;26396;1192;0;12101;943;953;252;60;539;409;0;83;147;454;68;59;0;182;13;476;48;636
16 0 71; Weimarer Land;72342;45332;1300;44032;10829;19877;905;0;7943;1153;863;234;40;431;227;0;71;118;302;26;32;0;96;10;371;35;469
16 0 72; Sonneberg;56717;33212;856;32356;8528;12408;417;0;7847;882;620;117;31;287;160;0;56;58;297;13;66;0;47;2;215;14;291
16 0 73; Saalfeld-Rudolstadt;108940;65255;1710;63545;16746;25751;1256;0;13036;1409;1678;280;63;565;415;0;140;184;503;60;73;0;184;18;484;50;650
16 0 74; Saale-Holzland-Kreis;75195;46199;1428;44771;11014;18779;1142;0;8721;1391;994;210;57;388;271;0;122;134;402;37;60;0;130;20;361;34;504
16 0 75; Saale-Orla-Kreis;80112;49440;1321;48119;12626;19898;796;0;9753;1123;1263;154;45;373;242;0;130;135;335;76;132;0;139;12;399;31;457
16 0 76; Greiz;101931;61071;1799;59272;15146;26344;1005;0;10934;1148;1213;236;45;446;368;0;251;148;506;57;43;0;175;21;492;43;651
16 0 77; Altenburger Land;95699;51964;1555;50409;13337;20735;902;0;10136;952;1644;232;16;365;306;0;111;115;399;61;34;0;147;18;377;21;501
916; Thüringen;1967824;1144216;29568;1114648;285276;472374;25549;0;229453;23817;20953;5007;1296;8815;5912;0;2138;2520;7021;991;1113;0;2577;300;8123;745;10668

999; Bundesgebiet;60786904;27468932;409659;27059273;8307085;10628224;1741494;2540007;1567745;820371;461038;112142;100048;97984;71430;14950;68732;38139;107662;30746;9431;4117;34029;7080;100128;11505;185186
